analytics	5
refers	2
to	16
the	8
systematic	2
computational	3
analysis	4
of	9
data	19
or	4
statistics	3
typically	2
for	2
purpose	1
gaining	1
insights	6
making	1
informed	3
decisions	3
and	35
discovering	1
patterns	6
trends	4
it	6
encompasses	3
a	4
broad	1
range	1
techniques	3
methodologies	2
aimed	3
at	3
extracting	2
meaningful	2
information	1
from	6
raw	2
often	2
involving	1
processes	6
such	2
as	4
collection	1
cleaning	1
transformation	1
modeling	4
interpretation	2
can	2
be	1
applied	1
across	3
various	4
domains	2
including	4
business	7
finance	3
healthcare	3
marketing	1
science	5
among	1
others	1
uncover	3
hidden	2
predict	1
future	1
outcomes	2
optimize	3
drive	3
strategic	2
decision-making	4
relies	1
heavily	1
on	1
mathematical	1
statistical	3
principles	1
well	1
tools	3
technologies	2
derive	1
actionable	3
complex	3
datasets	3
is	2
involves	3
discovery	1
communication	1
within	3
support	1
this	1
process	1
predictive	3
mining	2
machine	2
learning	2
algorithms	2
spans	1
diverse	1
offering	1
valuable	1
identify	1
forecast	1
mitigate	2
risks	3
enables	1
organizations	3
make	2
data-driven	2
gain	2
competitive	2
edge	1
in	4
their	2
respective	1
industries	2
with	2
exponential	1
growth	1
generation	1
has	1
become	1
increasingly	1
essential	1
deriving	1
intelligence	3
vast	1
driving	1
innovation	3
fostering	2
(bi)	1
strategies	2
practices	1
utilized	1
by	3
analyze	2
interpret	1
order	1
collecting	1
organizing	1
transforming	1
into	1
that	2
planning	1
operational	1
improvements	1
advantages	1
bi	2
visualization	2
all	1
uncovering	1
correlations	2
sets	2
harnessing	2
businesses	1
deeper	1
understanding	1
operations	1
customer	1
behaviors	1
market	2
dynamics	1
emerging	1
opportunities	1
ultimately	1
empowers	1
performance	1
adapt	1
swiftly	1
changing	1
conditions	1
agility	1
today's	1
dynamic	1
landscape	1
an	1
interdisciplinary	1
field	1
employs	1
scientific	1
methods	1
systems	1
extract	1
knowledge	2
structured	1
unstructured	1
mathematics	1
computer	1
domain-specific	1
scientists	1
leverage	1
programming	1
languages	1
like	1
python	1
r	1
sql	1
along	1
they	1
play	1
crucial	1
role	1
informing	1
technology	1
power	1
facilitates	1
optimization	1
development	1
address	1
real-world	1
challenges	1
